Rk,Player,Pos,Age,Tm,G,GS,MP,FG,FGA,FG%,3P,3PA,3P%,2P,2PA,2P%,eFG%,FT,FTA,FT%,ORB,DRB,TRB,AST,STL,BLK,TOV,PF,PTS,Player-additional
1,Álex Abrines,SG,23,OKC,5,0,80,8,23,.348,5,17,.294,3,6,.500,.457,3,4,.750,2,7,9,4,0,0,0,8,24,abrinal01
2,Steven Adams,C,23,OKC,5,5,157,18,28,.643,0,0,,18,28,.643,.643,4,11,.364,17,17,34,7,6,9,4,14,40,adamsst01
3,LaMarcus Aldridge,PF,31,SAS,16,16,537,110,240,.458,2,14,.143,108,226,.478,.463,42,55,.764,43,76,119,24,10,16,28,41,264,aldrila01
4,Lavoy Allen,PF,27,IND,3,0,11,0,0,,0,0,,0,0,,,0,0,,0,2,2,0,0,0,1,0,0,allenla01
5,Al-Farouq Aminu,PF,26,POR,4,0,113,17,37,.459,7,17,.412,10,20,.500,.554,7,11,.636,5,21,26,4,3,4,9,9,48,aminual01
6,Kyle Anderson,SF,23,SAS,15,1,195,36,64,.563,3,10,.300,33,54,.611,.586,8,11,.727,12,34,46,25,10,2,7,8,83,anderky01
7,Ryan Anderson,PF,28,HOU,11,9,336,36,92,.391,17,60,.283,19,32,.594,.484,14,16,.875,15,42,57,7,4,2,9,24,103,anderry01
8,Giannis Antetokounmpo,SF,22,MIL,6,6,243,60,112,.536,4,10,.400,56,102,.549,.554,25,46,.543,10,47,57,24,13,10,20,21,149,antetgi01
9,Joel Anthony,C,34,SAS,3,0,15,3,4,.750,0,0,,3,4,.750,.750,0,1,.000,2,2,4,0,0,2,1,2,6,anthojo01
10,Trevor Ariza,SF,31,HOU,11,11,413,41,97,.423,23,61,.377,18,36,.500,.541,13,14,.929,8,48,56,23,14,2,9,25,118,arizatr01
11,Wade Baldwin,PG,20,MEM,3,0,12,0,1,.000,0,0,,0,1,.000,.000,2,2,1.000,1,3,4,2,0,0,0,3,2,baldwwa01
12,Matt Barnes,SF,36,GSW,12,0,61,4,15,.267,1,8,.125,3,7,.429,.300,0,0,,0,9,9,7,2,0,3,9,9,barnema02
13,Brandon Bass,PF,31,LAC,1,0,4,1,3,.333,0,0,,1,3,.333,.333,0,0,,1,0,1,0,1,0,0,0,2,bassbr01
14,Kent Bazemore,SF,27,ATL,6,0,150,21,53,.396,7,24,.292,14,29,.483,.462,10,14,.714,4,19,23,20,4,5,16,15,59,bazemke01
15,Bradley Beal,SG,23,WAS,13,13,505,122,259,.471,29,101,.287,93,158,.589,.527,50,61,.820,15,29,44,35,21,8,27,38,323,bealbr01
16,Michael Beasley,PF,28,MIL,4,0,48,7,20,.350,3,5,.600,4,15,.267,.425,0,4,.000,2,7,9,1,1,1,2,8,17,beaslmi01
17,Dāvis Bertāns,PF,24,SAS,13,0,112,12,27,.444,8,20,.400,4,7,.571,.593,4,6,.667,5,15,20,3,3,4,6,7,36,bertada01
18,Patrick Beverley,SG,28,HOU,11,11,325,45,109,.413,21,52,.404,24,57,.421,.509,11,14,.786,21,40,61,33,16,2,18,38,122,beverpa01
19,Bojan Bogdanović,SF,27,WAS,13,0,264,36,87,.414,16,45,.356,20,42,.476,.506,27,32,.844,10,46,56,9,6,1,8,17,115,bogdabo02
20,Joel Bolomboy,PF,23,UTA,2,0,9,2,3,.667,0,0,,2,3,.667,.667,0,0,,0,2,2,0,0,1,0,0,4,bolomjo01
21,Avery Bradley,SG,26,BOS,18,18,645,120,272,.441,40,114,.351,80,158,.506,.515,21,27,.778,18,53,71,41,23,3,31,40,301,bradlav01
22,Malcolm Brogdon,SG,24,MIL,6,6,183,22,55,.400,10,21,.476,12,34,.353,.491,0,0,,3,23,26,21,3,2,12,12,54,brogdma01
23,Aaron Brooks,PG,32,IND,1,0,7,2,3,.667,1,2,.500,1,1,1.000,.833,0,0,,0,1,1,1,0,0,1,0,5,brookaa01
24,Bobby Brown,PG,32,HOU,5,0,22,10,20,.500,5,11,.455,5,9,.556,.625,0,0,,0,2,2,1,0,0,0,1,25,brownbo02
25,Jaylen Brown,SF,20,BOS,17,0,215,34,71,.479,5,23,.217,29,48,.604,.514,12,18,.667,12,24,36,13,6,2,13,26,85,brownja02
26,Trey Burke,PG,24,WAS,3,0,20,0,4,.000,0,2,.000,0,2,.000,.000,0,0,,0,0,0,5,0,0,0,2,0,burketr01
27,Jimmy Butler,SF,27,CHI,6,6,239,46,108,.426,6,23,.261,40,85,.471,.454,38,47,.809,9,35,44,26,10,5,15,10,136,butleji01
28,José Calderón,PG,35,ATL,6,0,75,11,23,.478,4,12,.333,7,11,.636,.565,0,0,,2,6,8,13,2,1,4,9,26,caldejo01
29,Isaiah Canaan,SG,25,CHI,3,2,95,13,26,.500,5,14,.357,8,12,.667,.596,4,6,.667,0,4,4,4,3,0,5,6,35,canaais01
30,Clint Capela,C,22,HOU,11,11,286,46,82,.561,0,1,.000,46,81,.568,.561,24,39,.615,26,70,96,12,8,28,8,28,116,capelca01
31,DeMarre Carroll,SF,30,TOR,10,7,155,15,37,.405,7,22,.318,8,15,.533,.500,5,9,.556,4,23,27,5,8,5,5,13,42,carrode01
32,Vince Carter,SF,40,MEM,6,6,195,20,42,.476,8,20,.400,12,22,.545,.571,7,7,1.000,4,16,20,9,2,0,10,15,55,cartevi01
33,Michael Carter-Williams,PG,25,CHI,5,0,53,6,15,.400,0,1,.000,6,14,.429,.400,2,4,.500,1,3,4,6,2,1,6,6,14,cartemi01
34,Semaj Christon,PG,24,OKC,2,0,21,2,5,.400,1,3,.333,1,2,.500,.500,0,0,,0,3,3,5,1,0,0,1,5,chrisse01
35,Ian Clark,SG,25,GSW,16,0,219,40,79,.506,13,36,.361,27,43,.628,.589,16,17,.941,4,22,26,11,6,0,11,17,109,clarkia01
36,Norris Cole,PG,28,OKC,4,0,25,2,8,.250,1,4,.250,1,4,.250,.313,0,0,,0,1,1,1,0,1,2,4,5,coleno01
37,Mike Conley,PG,29,MEM,6,6,224,50,103,.485,17,38,.447,33,65,.508,.568,31,37,.838,1,19,20,42,10,3,12,11,148,conlemi01
38,Pat Connaughton,SG,24,POR,3,0,24,2,9,.222,0,6,.000,2,3,.667,.222,3,3,1.000,1,6,7,4,0,0,0,0,7,connapa01
39,Allen Crabbe,SG,24,POR,4,0,92,9,24,.375,3,13,.231,6,11,.545,.438,1,3,.333,0,12,12,2,1,0,1,9,22,crabbal01
40,Jamal Crawford,SG,36,LAC,7,0,196,35,83,.422,6,25,.240,29,58,.500,.458,12,12,1.000,2,7,9,13,4,1,9,12,88,crawfja01
41,Jae Crowder,SF,26,BOS,18,18,596,87,200,.435,31,88,.352,56,112,.500,.513,40,48,.833,20,95,115,48,19,6,12,52,245,crowdja01
42,Stephen Curry,PG,28,GSW,17,17,601,151,312,.484,72,172,.419,79,140,.564,.599,103,114,.904,22,84,106,114,34,4,58,37,477,curryst01
43,Troy Daniels,SG,25,MEM,6,0,68,3,9,.333,3,9,.333,0,0,,.500,0,0,,1,4,5,2,2,0,2,1,9,danietr01
44,Deyonta Davis,C,20,MEM,3,0,11,3,5,.600,0,0,,3,5,.600,.600,1,2,.500,2,3,5,0,0,0,0,2,7,davisde01
45,Dewayne Dedmon,C,27,SAS,12,3,97,14,23,.609,0,0,,14,23,.609,.609,17,32,.531,21,26,47,3,2,3,8,16,45,dedmode01
46,Sam Dekker,PF,22,HOU,4,0,31,3,12,.250,3,6,.500,0,6,.000,.375,0,0,,5,5,10,1,1,1,0,2,9,dekkesa01
47,Malcolm Delaney,PG,27,ATL,1,0,3,3,3,1.000,1,1,1.000,2,2,1.000,1.167,1,2,.500,0,1,1,0,0,0,0,0,8,delanma01
48,Matthew Dellavedova,PG,26,MIL,6,0,159,16,41,.390,6,16,.375,10,25,.400,.463,8,10,.800,1,11,12,12,1,0,7,5,46,dellama01
49,DeMar DeRozan,SG,27,TOR,10,10,373,76,175,.434,1,15,.067,75,160,.469,.437,71,80,.888,4,45,49,34,14,0,25,26,224,derozde01
50,Boris Diaw,PF,34,UTA,11,9,203,24,48,.500,6,14,.429,18,34,.529,.563,9,10,.900,3,18,21,22,7,4,14,12,63,diawbo01
51,Mike Dunleavy,SF,36,ATL,6,0,53,3,7,.429,2,5,.400,1,2,.500,.571,4,4,1.000,1,4,5,2,1,0,6,3,12,dunlemi02
52,Kevin Durant,PF,28,GSW,15,15,533,149,268,.556,38,86,.442,111,182,.610,.627,92,103,.893,16,103,119,64,12,20,38,39,428,duranke01
53,Monta Ellis,SG,31,IND,4,2,76,8,20,.400,2,8,.250,6,12,.500,.450,4,5,.800,1,7,8,5,2,1,4,5,22,ellismo01
54,James Ennis III,SF,26,MEM,6,4,159,16,38,.421,6,19,.316,10,19,.526,.500,12,14,.857,8,17,25,7,5,2,7,20,50,ennisja01
55,Dante Exum,PG,21,UTA,7,0,84,11,27,.407,4,12,.333,7,15,.467,.481,6,6,1.000,2,4,6,9,5,0,3,10,32,exumda01
56,Derrick Favors,PF,25,UTA,11,2,225,36,62,.581,0,0,,36,62,.581,.581,11,23,.478,15,45,60,10,8,6,4,25,83,favorde01
57,Cristiano Felício,C,24,CHI,6,0,82,9,15,.600,0,0,,9,15,.600,.600,1,2,.500,7,19,26,2,3,2,7,16,19,feliccr01
58,Raymond Felton,PG,32,LAC,7,0,127,15,32,.469,4,9,.444,11,23,.478,.531,5,5,1.000,2,8,10,10,6,0,3,10,39,feltora01
59,Bryn Forbes,SG,23,SAS,6,0,73,6,21,.286,2,9,.222,4,12,.333,.333,6,6,1.000,0,6,6,3,0,1,2,5,20,forbebr01
60,Enes Freedom,C,24,OKC,5,0,45,10,26,.385,0,0,,10,26,.385,.385,4,4,1.000,3,6,9,1,0,4,2,8,24,kanteen01
61,Channing Frye,C,33,CLE,12,0,154,31,60,.517,20,39,.513,11,21,.524,.683,6,7,.857,0,22,22,13,3,4,2,11,88,fryech01
62,Marc Gasol,C,32,MEM,6,6,240,39,83,.470,7,12,.583,32,71,.451,.512,31,33,.939,7,32,39,25,2,4,15,22,116,gasolma01
63,Pau Gasol,C,36,SAS,16,7,365,50,114,.439,6,18,.333,44,96,.458,.465,17,24,.708,39,75,114,31,7,15,18,35,123,gasolpa01
64,Paul George,SF,26,IND,4,4,172,34,88,.386,18,42,.429,16,46,.348,.489,26,30,.867,5,30,35,29,7,2,13,13,112,georgpa01
65,Taj Gibson,PF,31,OKC,5,5,118,21,35,.600,0,0,,21,35,.600,.600,7,8,.875,3,15,18,3,1,0,8,13,49,gibsota01
66,Manu Ginóbili*,SG,39,SAS,16,1,284,40,97,.412,9,40,.225,31,57,.544,.459,17,23,.739,10,29,39,39,16,2,12,28,106,ginobma01
67,Rudy Gobert,C,24,UTA,9,9,246,40,63,.635,0,0,,40,63,.635,.635,24,50,.480,22,67,89,11,9,12,9,30,104,goberru01
68,Eric Gordon,SG,28,HOU,11,2,358,51,121,.421,27,70,.386,24,51,.471,.533,13,18,.722,5,38,43,22,8,6,14,20,142,gordoer01
69,Marcin Gortat,C,32,WAS,13,13,409,47,93,.505,0,0,,47,93,.505,.505,11,18,.611,52,91,143,24,5,20,17,40,105,gortama01
70,Jerami Grant,PF,22,OKC,5,0,111,19,31,.613,2,6,.333,17,25,.680,.645,6,7,.857,7,12,19,4,1,2,3,7,46,grantje01
71,Jerian Grant,PG,24,CHI,5,2,52,6,23,.261,1,9,.111,5,14,.357,.283,3,3,1.000,0,4,4,5,2,0,7,3,16,grantje02
72,Danny Green,SG,29,SAS,16,16,436,45,111,.405,26,76,.342,19,35,.543,.523,8,14,.571,13,44,57,23,10,15,17,30,124,greenda02
73,Draymond Green,PF,26,GSW,17,17,593,72,161,.447,32,78,.410,40,83,.482,.547,46,67,.687,20,135,155,110,31,28,36,60,222,greendr01
74,Gerald Green,SF,31,BOS,13,7,192,34,72,.472,21,45,.467,13,27,.481,.618,8,9,.889,2,18,20,9,3,1,7,21,97,greenge01
75,JaMychal Green,PF,26,MEM,6,2,118,17,36,.472,7,16,.438,10,20,.500,.569,3,3,1.000,3,17,20,2,0,0,4,21,44,greenja01
76,Blake Griffin,PF,27,LAC,3,3,99,25,51,.490,4,6,.667,21,45,.467,.529,7,7,1.000,3,15,18,7,2,1,6,2,61,griffbl01
77,Tim Hardaway Jr.,SG,24,ATL,6,6,200,27,82,.329,11,42,.262,16,40,.400,.396,12,19,.632,3,13,16,7,3,0,10,13,77,hardati02
78,James Harden,PG,27,HOU,11,11,407,90,218,.413,32,115,.278,58,103,.563,.486,101,115,.878,7,53,60,93,21,5,59,43,313,hardeja01
79,Maurice Harkless,SF,23,POR,4,4,99,10,34,.294,2,12,.167,8,22,.364,.324,7,8,.875,7,6,13,3,5,5,1,14,29,harklma01
80,Montrezl Harrell,C,23,HOU,5,0,21,1,3,.333,0,0,,1,3,.333,.333,3,6,.500,1,5,6,2,0,0,2,7,5,harremo01
81,Andrew Harrison,PG,22,MEM,6,0,119,13,29,.448,5,13,.385,8,16,.500,.534,8,9,.889,4,7,11,13,3,1,3,14,39,harrian01
82,Spencer Hawes,PF,28,MIL,3,0,17,2,5,.400,1,2,.500,1,3,.333,.500,0,0,,2,2,4,1,0,1,1,3,5,hawessp01
83,Gordon Hayward,SF,26,UTA,11,11,411,83,188,.441,28,68,.412,55,120,.458,.516,71,76,.934,7,60,67,37,10,3,24,23,265,haywago01
84,John Henson,C,26,MIL,2,0,12,1,4,.250,0,0,,1,4,.250,.250,1,1,1.000,2,2,4,0,1,0,1,1,3,hensojo01
85,Nenê,C,34,HOU,9,0,161,36,51,.706,0,1,.000,36,50,.720,.706,18,31,.581,11,31,42,5,6,4,9,24,90,hilarne01
86,George Hill,PG,30,UTA,8,8,281,46,98,.469,12,31,.387,34,67,.507,.531,21,29,.724,8,25,33,29,2,1,13,25,125,hillge01
87,Rodney Hood,SG,24,UTA,11,0,277,37,105,.352,13,50,.260,24,55,.436,.414,11,18,.611,1,29,30,12,5,0,10,30,98,hoodro01
88,Al Horford,C,30,BOS,18,18,610,111,190,.584,27,52,.519,84,138,.609,.655,22,29,.759,31,87,118,97,15,14,33,33,271,horfoal01
89,Dwight Howard,C,31,ATL,6,6,157,18,36,.500,0,0,,18,36,.500,.500,12,19,.632,18,46,64,8,6,5,11,21,48,howardw01
90,Kris Humphries,PF,31,ATL,1,0,3,0,0,,0,0,,0,0,,,0,0,,0,0,0,0,0,1,0,0,0,humphkr01
91,Serge Ibaka,PF,27,TOR,10,10,307,60,130,.462,12,38,.316,48,92,.522,.508,11,13,.846,9,56,65,14,4,17,11,37,143,ibakase01
92,Andre Iguodala,SF,33,GSW,16,0,419,46,101,.455,8,42,.190,38,59,.644,.495,15,26,.577,9,56,65,51,14,7,16,29,115,iguodan01
93,Ersan İlyasova,PF,29,ATL,6,0,90,8,23,.348,1,5,.200,7,18,.389,.370,7,9,.778,14,17,31,2,1,0,5,7,24,ilyaser01
94,Joe Ingles,SF,29,UTA,11,11,334,25,62,.403,15,41,.366,10,21,.476,.524,6,9,.667,2,39,41,36,22,5,16,28,71,inglejo01
95,Kyrie Irving,PG,24,CLE,18,18,653,173,370,.468,44,118,.373,129,252,.512,.527,76,84,.905,13,38,51,95,23,8,48,38,466,irvinky01
96,LeBron James,SF,32,CLE,18,18,744,217,384,.565,44,107,.411,173,277,.625,.622,113,162,.698,19,145,164,141,35,23,72,43,591,jamesle01
97,Richard Jefferson,SF,36,CLE,14,0,179,16,38,.421,5,19,.263,11,19,.579,.487,18,28,.643,10,15,25,7,2,3,8,30,55,jefferi01
98,Brandon Jennings,PG,27,WAS,13,0,178,14,36,.389,2,13,.154,12,23,.522,.417,7,8,.875,5,14,19,24,2,0,8,13,37,jennibr01
99,Jonas Jerebko,PF,29,BOS,12,0,128,15,31,.484,5,15,.333,10,16,.625,.565,8,8,1.000,7,22,29,12,5,3,6,13,43,jerebjo01
100,Amir Johnson,PF,29,BOS,14,9,142,15,30,.500,1,3,.333,14,27,.519,.517,5,8,.625,17,13,30,3,4,6,6,24,36,johnsam01
101,Joe Johnson,SF,35,UTA,11,2,326,58,133,.436,15,45,.333,43,88,.489,.492,11,15,.733,8,35,43,27,6,1,13,21,142,johnsjo02
102,Wesley Johnson,SF,29,LAC,3,0,11,0,0,,0,0,,0,0,,,1,2,.500,0,2,2,0,1,0,0,2,1,johnswe01
103,Dahntay Jones,SF,36,CLE,10,0,33,5,10,.500,1,2,.500,4,8,.500,.550,5,5,1.000,1,6,7,1,0,1,1,7,16,jonesda02
104,Damian Jones,C,21,GSW,4,0,21,3,7,.429,0,0,,3,7,.429,.429,1,2,.500,4,2,6,0,2,1,0,3,7,jonesda03
105,James Jones,SF,36,CLE,8,0,30,1,5,.200,0,3,.000,1,2,.500,.200,0,0,,1,3,4,0,0,0,2,3,2,jonesja02
106,DeAndre Jordan,C,28,LAC,7,7,264,43,61,.705,0,1,.000,43,60,.717,.705,22,56,.393,25,76,101,5,3,6,17,29,108,jordade01
107,Cory Joseph,PG,25,TOR,10,2,212,31,71,.437,9,22,.409,22,49,.449,.500,8,8,1.000,4,17,21,31,4,2,14,17,79,josepco01
108,Kyle Korver,SG,35,CLE,18,0,326,34,80,.425,27,69,.391,7,11,.636,.594,10,10,1.000,2,28,30,13,7,5,7,22,105,korveky01
109,Joffrey Lauvergne,C,25,CHI,3,0,26,4,11,.364,0,2,.000,4,9,.444,.364,6,6,1.000,5,4,9,5,0,0,2,1,14,lauvejo01
110,Jake Layman,SF,22,POR,2,0,16,2,4,.500,1,1,1.000,1,3,.333,.625,1,2,.500,0,1,1,1,1,0,0,2,6,laymaja01
111,David Lee,PF,33,SAS,15,4,245,25,48,.521,0,1,.000,25,47,.532,.521,11,17,.647,20,37,57,11,4,5,6,20,61,leeda02
112,Kawhi Leonard,SF,25,SAS,12,12,429,106,202,.525,25,55,.455,81,147,.551,.587,95,102,.931,19,74,93,55,20,6,26,21,332,leonaka01
113,Meyers Leonard,PF,24,POR,3,1,31,1,5,.200,0,4,.000,1,1,1.000,.200,0,0,,2,6,8,1,0,0,4,6,2,leoname01
114,Damian Lillard,PG,26,POR,4,4,151,39,90,.433,9,32,.281,30,58,.517,.483,24,25,.960,4,14,18,13,5,2,13,11,111,lillada01
115,Shaun Livingston,PG,31,GSW,14,0,220,34,59,.576,0,0,,34,59,.576,.576,5,7,.714,10,19,29,20,5,2,10,24,73,livinsh01
116,Robin Lopez,C,28,CHI,6,6,162,34,52,.654,0,0,,34,52,.654,.654,8,8,1.000,28,15,43,5,3,6,8,13,76,lopezro01
117,Kevin Love,PF,28,CLE,18,18,578,95,218,.436,50,111,.450,45,107,.421,.550,63,75,.840,36,155,191,30,21,16,31,46,303,loveke01
118,Kyle Lowry,PG,30,TOR,8,8,300,43,93,.462,13,38,.342,30,55,.545,.532,27,33,.818,3,22,25,47,12,4,17,26,126,lowryky01
119,Trey Lyles,PF,21,UTA,2,0,10,3,7,.429,1,3,.333,2,4,.500,.500,0,0,,0,2,2,1,1,0,1,1,7,lylestr01
120,Sheldon Mac,SG,24,WAS,7,0,17,5,9,.556,2,5,.400,3,4,.750,.667,2,2,1.000,0,2,2,0,0,0,1,1,14,mcclesh01
121,Shelvin Mack,PG,26,UTA,9,3,155,17,49,.347,7,15,.467,10,34,.294,.418,13,15,.867,3,22,25,18,4,0,9,14,54,macksh01
122,Ian Mahinmi,C,30,WAS,5,0,63,5,9,.556,0,0,,5,9,.556,.556,4,11,.364,3,8,11,6,1,6,3,17,14,mahinia01
123,Thon Maker,C,19,MIL,6,6,116,12,31,.387,2,10,.200,10,21,.476,.419,9,11,.818,8,11,19,12,5,11,8,18,35,makerth01
124,Jarell Martin,PF,22,MEM,3,0,10,1,3,.333,0,0,,1,3,.333,.333,0,0,,2,2,4,0,1,0,0,2,2,martija01
125,Luc Mbah a Moute,SF,30,LAC,7,7,224,17,43,.395,5,16,.313,12,27,.444,.453,14,20,.700,10,25,35,7,8,4,3,16,53,mbahalu01
126,James Michael McAdoo,PF,24,GSW,13,0,56,9,17,.529,2,5,.400,7,12,.583,.588,4,6,.667,5,8,13,0,2,2,1,5,24,mcadoja01
127,Patrick McCaw,SG,21,GSW,15,3,181,21,48,.438,8,23,.348,13,25,.520,.521,11,13,.846,10,23,33,16,9,3,3,14,61,mccawpa01
128,CJ McCollum,SG,25,POR,4,4,140,32,80,.400,11,22,.500,21,58,.362,.469,15,16,.938,8,16,24,4,4,2,15,10,90,mccolcj01
129,Doug McDermott,SF,25,OKC,5,0,66,9,18,.500,7,13,.538,2,5,.400,.694,0,0,,0,5,5,1,1,1,1,2,25,mcderdo01
130,JaVale McGee,C,29,GSW,16,1,149,41,56,.732,0,0,,41,56,.732,.732,13,18,.722,22,26,48,4,2,15,8,31,95,mcgeeja01
131,Jordan Mickey,PF,22,BOS,2,0,18,2,5,.400,0,0,,2,5,.400,.400,0,0,,0,5,5,0,0,1,1,3,4,mickejo01
132,Khris Middleton,SF,25,MIL,6,6,231,31,78,.397,7,19,.368,24,59,.407,.442,18,22,.818,0,28,28,32,12,0,11,17,87,middlkh01
133,C.J. Miles,SF,29,IND,4,2,82,11,24,.458,5,16,.313,6,8,.750,.563,2,2,1.000,4,4,8,1,2,1,2,12,29,milescj01
134,Patty Mills,PG,28,SAS,16,6,416,57,140,.407,32,89,.360,25,51,.490,.521,19,22,.864,5,29,34,43,13,1,21,33,165,millspa02
135,Paul Millsap,PF,31,ATL,6,6,219,50,99,.505,3,17,.176,47,82,.573,.520,43,53,.811,9,47,56,26,10,4,23,19,146,millspa01
136,Nikola Mirotić,PF,25,CHI,6,6,162,17,50,.340,10,35,.286,7,15,.467,.440,8,10,.800,4,26,30,9,4,3,4,16,52,mirotni01
137,Greg Monroe,C,26,MIL,6,0,141,27,51,.529,0,0,,27,51,.529,.529,25,30,.833,17,27,44,10,8,3,11,16,79,monrogr01
138,Markieff Morris,PF,27,WAS,13,13,373,59,145,.407,14,38,.368,45,107,.421,.455,25,31,.806,18,65,83,22,12,17,21,46,157,morrima02
139,Anthony Morrow,SG,31,CHI,3,0,29,5,9,.556,0,0,,5,9,.556,.556,2,2,1.000,0,3,3,2,0,0,0,2,12,morroan01
140,Dejounte Murray,PG,20,SAS,11,2,168,23,61,.377,0,3,.000,23,58,.397,.377,17,25,.680,4,23,27,27,16,1,16,14,63,murrade01
141,Mike Muscala,C,25,ATL,6,0,81,5,18,.278,0,4,.000,5,14,.357,.278,7,8,.875,6,10,16,2,1,3,1,12,17,muscami01
142,Shabazz Napier,PG,25,POR,4,0,47,8,19,.421,5,11,.455,3,8,.375,.553,6,8,.750,1,3,4,3,2,0,0,6,27,napiesh01
143,Raul Neto,PG,24,UTA,9,0,60,8,13,.615,3,6,.500,5,7,.714,.731,4,4,1.000,0,7,7,4,1,1,3,8,23,netora01
144,Lucas Nogueira,C,24,TOR,3,0,7,1,2,.500,0,0,,1,2,.500,.500,1,2,.500,2,3,5,0,0,0,0,1,3,noguelu01
145,Jusuf Nurkić,C,22,POR,1,1,17,1,3,.333,0,1,.000,1,2,.500,.333,0,0,,0,11,11,4,0,1,3,1,2,nurkiju01
146,Daniel Ochefu,C,23,WAS,4,0,5,0,1,.000,0,0,,0,1,.000,.000,0,0,,0,1,1,0,0,0,1,1,0,ochefda01
147,Victor Oladipo,SG,24,OKC,5,5,181,21,61,.344,6,25,.240,15,36,.417,.393,6,6,1.000,2,26,28,10,7,3,6,17,54,oladivi01
148,Kelly Olynyk,C,25,BOS,18,2,346,64,125,.512,15,47,.319,49,78,.628,.572,22,30,.733,14,43,57,34,13,14,22,47,165,olynyke01
149,Kelly Oubre Jr.,SF,21,WAS,12,0,184,26,61,.426,11,30,.367,15,31,.484,.516,7,10,.700,9,19,28,4,10,5,7,38,70,oubreke01
150,Zaza Pachulia,C,32,GSW,15,15,212,32,60,.533,0,1,.000,32,59,.542,.533,13,17,.765,18,39,57,12,8,4,14,32,77,pachuza01
151,Tony Parker,PG,34,SAS,8,8,211,51,97,.526,11,19,.579,40,78,.513,.582,14,14,1.000,2,18,20,25,4,0,12,10,127,parketo01
152,Patrick Patterson,PF,27,TOR,10,1,185,10,36,.278,8,26,.308,2,10,.200,.389,6,6,1.000,1,19,20,20,7,2,6,4,34,pattepa01
153,Chris Paul,PG,31,LAC,7,7,260,67,135,.496,14,38,.368,53,97,.546,.548,29,33,.879,4,31,35,69,12,1,19,24,177,paulch01
154,Cameron Payne,PG,22,CHI,1,0,4,1,2,.500,1,1,1.000,0,1,.000,.750,0,0,,0,1,1,0,0,0,1,0,3,payneca01
155,Paul Pierce*,SF,39,LAC,7,0,101,8,18,.444,4,10,.400,4,8,.500,.556,1,1,1.000,2,12,14,7,2,0,4,11,21,piercpa01
156,Jakob Poeltl,C,21,TOR,6,0,26,5,11,.455,0,0,,5,11,.455,.455,0,2,.000,6,6,12,0,1,1,0,3,10,poeltja01
157,Otto Porter Jr.,SF,23,WAS,13,13,428,58,109,.532,11,39,.282,47,70,.671,.583,31,35,.886,15,75,90,23,21,7,10,26,158,porteot01
158,Bobby Portis,PF,21,CHI,6,0,121,17,33,.515,6,13,.462,11,20,.550,.606,0,0,,5,31,36,7,3,3,6,10,40,portibo01
159,Norman Powell,SG,23,TOR,9,5,227,35,82,.427,15,34,.441,20,48,.417,.518,20,24,.833,5,23,28,14,10,3,15,25,105,powelno01
160,Taurean Prince,SF,22,ATL,6,6,187,29,52,.558,4,14,.286,25,38,.658,.596,5,5,1.000,7,25,32,8,2,1,7,9,67,princta02
161,Tim Quarterman,SG,22,POR,2,0,7,1,2,.500,1,2,.500,0,0,,.750,0,0,,0,0,0,1,0,0,0,1,3,quartti01
162,Zach Randolph,PF,35,MEM,6,4,191,35,83,.422,1,7,.143,34,76,.447,.428,8,11,.727,9,40,49,4,5,2,7,14,79,randoza01
163,J.J. Redick,SG,32,LAC,7,7,206,19,50,.380,9,26,.346,10,24,.417,.470,17,20,.850,0,12,12,6,2,0,13,17,64,redicjj01
164,Austin Rivers,SG,24,LAC,3,2,90,9,26,.346,4,13,.308,5,13,.385,.423,2,2,1.000,1,7,8,2,1,1,5,6,24,riverau01
165,Andre Roberson,SF,25,OKC,5,5,185,24,46,.522,7,17,.412,17,29,.586,.598,3,21,.143,18,13,31,9,12,17,7,15,58,roberan03
166,Glenn Robinson III,SF,23,IND,3,0,31,6,6,1.000,2,2,1.000,4,4,1.000,1.167,1,2,.500,0,3,3,1,0,0,0,2,15,robingl02
167,Rajon Rondo,PG,30,CHI,2,2,67,11,26,.423,0,6,.000,11,20,.550,.423,1,2,.500,7,10,17,20,7,1,4,6,23,rondora01
168,Terry Rozier,PG,22,BOS,17,0,277,33,82,.402,14,38,.368,19,44,.432,.488,16,20,.800,12,32,44,32,11,4,10,20,96,roziete01
169,Domantas Sabonis,PF,20,OKC,2,0,6,0,3,.000,0,1,.000,0,2,.000,.000,4,4,1.000,0,2,2,0,1,1,0,4,4,sabondo01
170,Tomáš Satoranský,SG,25,WAS,10,0,36,3,6,.500,0,0,,3,6,.500,.500,2,5,.400,1,4,5,6,1,0,2,4,8,satorto01
171,Dennis Schröder,PG,23,ATL,6,6,211,50,110,.455,17,40,.425,33,70,.471,.532,31,37,.838,4,10,14,46,6,0,10,19,148,schrode01
172,Thabo Sefolosha,SF,32,ATL,4,0,9,0,1,.000,0,0,,0,1,.000,.000,1,4,.250,0,0,0,0,0,0,0,1,1,sefolth01
173,Wayne Selden,SG,22,MEM,6,2,106,9,26,.346,2,11,.182,7,15,.467,.385,3,4,.750,3,6,9,7,1,1,2,8,23,seldewa01
174,Kevin Séraphin,PF,27,IND,4,0,59,12,26,.462,0,0,,12,26,.462,.462,5,7,.714,8,6,14,4,0,2,4,10,29,serapke01
175,Iman Shumpert,SG,26,CLE,17,0,275,25,60,.417,10,26,.385,15,34,.441,.500,14,17,.824,6,41,47,16,10,3,6,32,74,shumpim01
176,Pascal Siakam,PF,22,TOR,2,0,10,0,2,.000,0,0,,0,2,.000,.000,0,0,,2,1,3,1,1,0,0,1,0,siakapa01
177,Jonathon Simmons,SG,27,SAS,15,4,306,62,136,.456,13,37,.351,49,99,.495,.504,21,31,.677,9,19,28,29,9,2,11,30,158,simmojo02
178,Kyle Singler,SF,28,OKC,1,0,10,0,1,.000,0,0,,0,1,.000,.000,0,0,,0,1,1,0,0,0,0,2,0,singlky01
179,Marcus Smart,SG,22,BOS,18,3,538,47,134,.351,29,73,.397,18,61,.295,.459,32,50,.640,23,62,85,85,27,16,38,51,155,smartma01
180,J.R. Smith,SG,31,CLE,18,18,487,50,99,.505,40,80,.500,10,19,.526,.707,5,11,.455,5,37,42,13,13,6,12,41,145,smithjr01
181,Jason Smith,C,30,WAS,13,0,157,19,39,.487,3,10,.300,16,29,.552,.526,10,14,.714,10,19,29,4,2,7,10,30,51,smithja02
182,Tony Snell,SG,25,MIL,6,6,185,22,44,.500,16,31,.516,6,13,.462,.682,0,0,,2,12,14,9,1,1,2,17,60,snellto01
183,Marreese Speights,C,29,LAC,7,2,98,16,37,.432,7,20,.350,9,17,.529,.527,7,10,.700,4,16,20,3,2,3,3,13,46,speigma01
184,Lance Stephenson,SG,26,IND,4,0,107,27,53,.509,7,18,.389,20,35,.571,.575,3,4,.750,1,20,21,11,2,0,4,11,64,stephla01
185,Isaiah Taylor,PG,22,HOU,3,0,10,0,2,.000,0,1,.000,0,1,.000,.000,0,0,,1,1,2,1,0,0,0,1,0,taylois01
186,Jeff Teague,PG,28,IND,4,4,142,22,45,.489,9,17,.529,13,28,.464,.589,15,18,.833,0,13,13,25,4,3,8,12,68,teaguje01
187,Mirza Teletović,PF,31,MIL,3,0,27,1,6,.167,1,4,.250,0,2,.000,.250,0,0,,0,3,3,0,1,0,1,3,3,teletmi01
188,Jason Terry,SG,39,MIL,6,0,68,6,18,.333,2,10,.200,4,8,.500,.389,1,1,1.000,2,6,8,5,3,1,2,7,15,terryja01
189,Isaiah Thomas,PG,27,BOS,15,15,521,111,261,.425,36,108,.333,75,153,.490,.494,91,111,.820,5,42,47,100,13,2,50,35,349,thomais02
190,Klay Thompson,SG,26,GSW,17,17,596,94,237,.397,41,106,.387,53,131,.405,.483,26,33,.788,11,55,66,35,14,5,24,44,255,thompkl01
191,Tristan Thompson,C,25,CLE,18,18,562,54,92,.587,0,0,,54,92,.587,.587,40,60,.667,69,81,150,26,9,13,21,36,148,thomptr01
192,P.J. Tucker,SF,31,TOR,10,1,251,18,49,.367,9,28,.321,9,21,.429,.459,5,8,.625,15,42,57,11,6,3,8,27,50,tuckepj01
193,Evan Turner,SF,28,POR,4,4,124,12,33,.364,5,15,.333,7,18,.389,.439,12,16,.750,3,20,23,15,7,2,7,7,41,turneev01
194,Myles Turner,C,20,IND,4,4,133,19,44,.432,0,6,.000,19,38,.500,.432,5,8,.625,6,21,27,3,7,5,6,15,43,turnemy01
195,Jonas Valančiūnas,C,24,TOR,10,6,226,44,81,.543,0,1,.000,44,80,.550,.543,24,33,.727,9,58,67,2,2,6,13,22,112,valanjo01
196,Denzel Valentine,SG,23,CHI,4,0,22,2,6,.333,1,4,.250,1,2,.500,.417,0,0,,0,8,8,2,0,1,2,1,5,valende01
197,Fred VanVleet,PG,22,TOR,7,0,29,6,9,.667,2,5,.400,4,4,1.000,.778,0,0,,0,1,1,4,1,0,1,3,14,vanvlfr01
198,Rashad Vaughn,SG,20,MIL,3,0,10,2,4,.500,2,2,1.000,0,2,.000,.750,0,0,,0,0,0,0,0,0,0,0,6,vaughra01
199,Noah Vonleh,PF,21,POR,4,2,100,8,18,.444,0,0,,8,18,.444,.444,2,5,.400,9,20,29,8,1,3,6,11,18,vonleno01
200,Dwyane Wade,SG,35,CHI,6,6,190,32,86,.372,6,17,.353,26,69,.377,.407,20,21,.952,6,24,30,24,5,8,10,8,90,wadedw01
201,John Wall,PG,26,WAS,13,13,507,127,281,.452,21,61,.344,106,220,.482,.489,78,93,.839,7,41,48,134,22,15,55,26,353,walljo01
202,David West,C,36,GSW,17,0,221,34,59,.576,1,2,.500,33,57,.579,.585,7,9,.778,7,39,46,36,7,13,10,26,76,westda01
203,Russell Westbrook,PG,28,OKC,5,5,194,59,152,.388,13,49,.265,46,103,.447,.431,56,70,.800,9,49,58,54,12,2,30,16,187,westbru01
204,Deron Williams,PG,32,CLE,18,0,262,28,64,.438,12,31,.387,16,33,.485,.531,10,11,.909,3,20,23,38,10,1,17,29,78,willide01
205,Derrick Williams,PF,25,CLE,8,0,38,8,15,.533,3,5,.600,5,10,.500,.633,2,2,1.000,1,2,3,4,0,1,3,0,21,willide02
206,Lou Williams,SG,30,HOU,11,0,272,50,118,.424,12,39,.308,38,79,.481,.475,26,29,.897,7,23,30,14,7,1,14,17,138,willilo02
207,Troy Williams,SF,22,HOU,5,0,19,0,9,.000,0,5,.000,0,4,.000,.000,1,2,.500,2,5,7,1,0,0,2,0,1,willitr02
208,Kyle Wiltjer,PF,24,HOU,1,0,5,1,1,1.000,1,1,1.000,0,0,,1.500,0,0,,0,0,0,0,0,0,0,0,3,wiltjky01
209,Jeff Withey,C,26,UTA,3,0,21,2,4,.500,0,0,,2,4,.500,.500,1,2,.500,3,1,4,1,1,1,0,5,5,witheje01
210,Brandan Wright,PF,29,MEM,2,0,12,2,5,.400,0,0,,2,5,.400,.400,0,0,,1,1,2,0,0,2,1,0,4,wrighbr03
211,Delon Wright,PG,24,TOR,9,0,92,9,17,.529,2,6,.333,7,11,.636,.588,5,7,.714,4,9,13,13,4,1,5,4,25,wrighde01
212,James Young,SG,21,BOS,10,0,39,5,15,.333,5,14,.357,0,1,.000,.500,0,0,,1,6,7,3,0,0,1,2,15,youngja01
213,Thaddeus Young,PF,28,IND,4,4,140,21,39,.538,1,4,.250,20,35,.571,.551,5,10,.500,22,14,36,10,8,1,6,11,48,youngth01
214,Tyler Zeller,C,27,BOS,11,0,78,13,25,.520,0,0,,13,25,.520,.520,6,8,.750,8,11,19,8,0,2,4,7,32,zellety01
215,Paul Zipser,SF,22,CHI,6,0,136,15,33,.455,6,16,.375,9,17,.529,.545,8,8,1.000,3,18,21,3,1,1,7,12,44,zipsepa01
