Rk,Player,Pos,Age,Tm,G,GS,MP,FG,FGA,FG%,3P,3PA,3P%,2P,2PA,2P%,eFG%,FT,FTA,FT%,ORB,DRB,TRB,AST,STL,BLK,TOV,PF,PTS,Player-additional
1,Precious Achiuwa,PF,21,MIA,3,0,12,3,4,.750,0,0,,3,4,.750,.750,1,4,.250,0,6,6,0,0,2,4,1,7,achiupr01
2,Bam Adebayo,C,23,MIA,4,4,136,26,57,.456,0,0,,26,57,.456,.456,10,13,.769,14,23,37,17,5,2,11,11,62,adebaba01
3,Ty-Shon Alexander,SG,22,PHO,1,0,1,1,1,1.000,0,0,,1,1,1.000,1.000,0,0,,0,0,0,0,0,0,0,0,2,alexaty01
4,Grayson Allen,SG,25,MEM,5,0,116,12,33,.364,8,21,.381,4,12,.333,.485,0,1,.000,3,10,13,1,2,1,1,13,32,allengr01
5,Kyle Anderson,PF,27,MEM,5,5,142,18,42,.429,3,12,.250,15,30,.500,.464,3,4,.750,4,21,25,16,14,0,4,9,42,anderky01
6,Giannis Antetokounmpo,PF,26,MIL,21,21,800,250,439,.569,13,70,.186,237,369,.642,.584,121,206,.587,59,210,269,108,21,25,64,61,634,antetgi01
7,Thanasis Antetokounmpo,SF,28,MIL,13,0,45,2,7,.286,0,0,,2,7,.286,.286,5,6,.833,3,7,10,3,5,2,3,12,9,antetth01
8,Carmelo Anthony,PF,36,POR,6,0,143,25,60,.417,14,37,.378,11,23,.478,.533,10,11,.909,2,17,19,9,2,1,7,15,74,anthoca01
9,Trevor Ariza,SF,35,MIA,4,4,96,7,23,.304,5,17,.294,2,6,.333,.413,0,0,,2,21,23,2,3,1,3,11,19,arizatr01
10,Deandre Ayton,C,22,PHO,22,22,801,154,234,.658,0,0,,154,234,.658,.658,39,53,.736,67,193,260,25,18,24,28,63,347,aytonde01
11,Udoka Azubuike,C,21,UTA,1,0,1,0,0,,0,0,,0,0,,,0,0,,0,1,1,0,0,0,0,0,0,azubuud01
12,Desmond Bane,SG,22,MEM,5,0,99,11,19,.579,6,12,.500,5,7,.714,.737,0,0,,2,15,17,10,4,2,3,6,28,banede01
13,RJ Barrett,SG,20,NYK,5,5,162,26,67,.388,8,28,.286,18,39,.462,.448,12,15,.800,4,32,36,15,4,2,2,11,72,barrerj01
14,Will Barton,SF,30,DEN,3,1,83,19,43,.442,7,21,.333,12,22,.545,.523,4,4,1.000,1,12,13,8,2,1,4,4,49,bartowi01
15,Nicolas Batum,SF,32,LAC,19,10,555,53,109,.486,28,72,.389,25,37,.676,.615,19,23,.826,19,86,105,39,24,10,6,26,153,batumni01
16,Bradley Beal,SG,27,WAS,5,5,195,56,123,.455,7,32,.219,49,91,.538,.484,31,36,.861,6,25,31,21,4,3,20,6,150,bealbr01
17,Dāvis Bertāns,PF,28,WAS,4,2,106,11,27,.407,8,23,.348,3,4,.750,.556,7,7,1.000,0,11,11,1,1,2,1,12,37,bertada01
18,Patrick Beverley,PG,32,LAC,17,7,323,29,68,.426,13,37,.351,16,31,.516,.522,12,14,.857,11,30,41,24,12,12,4,35,83,beverpa01
19,Nemanja Bjelica,PF,32,MIA,2,0,30,5,11,.455,4,8,.500,1,3,.333,.636,4,6,.667,1,4,5,2,2,1,0,5,18,bjeline01
20,Keljin Blevins,SF,25,POR,2,0,4,1,2,.500,0,1,.000,1,1,1.000,.500,0,0,,0,0,0,0,0,0,0,1,2,blevike01
21,Bogdan Bogdanović,SG,28,ATL,18,18,598,97,249,.390,47,143,.329,50,106,.472,.484,12,17,.706,11,64,75,52,29,5,27,50,253,bogdabo01
22,Bojan Bogdanović,SF,31,UTA,11,11,390,64,137,.467,35,76,.461,29,61,.475,.595,36,41,.878,6,41,47,16,10,0,23,27,199,bogdabo02
23,Bol Bol,PF,21,DEN,3,0,6,0,1,.000,0,1,.000,0,0,,.000,0,0,,0,1,1,2,0,0,0,0,0,bolbo01
24,Isaac Bonga,SF,21,WAS,4,0,10,0,5,.000,0,3,.000,0,2,.000,.000,0,0,,0,0,0,0,0,1,0,0,0,bongais01
25,Devin Booker,SG,24,PHO,22,22,889,212,474,.447,44,137,.321,168,337,.499,.494,133,147,.905,15,109,124,100,18,4,81,76,601,bookede01
26,Jarrell Brantley,PF,24,UTA,2,0,3,0,1,.000,0,0,,0,1,.000,.000,1,2,.500,0,1,1,0,0,0,1,0,1,brantja01
27,Mikal Bridges,SF,24,PHO,22,22,707,92,190,.484,35,95,.368,57,95,.600,.576,25,28,.893,20,74,94,36,22,15,16,41,244,bridgmi01
28,Dillon Brooks,SF,25,MEM,5,5,175,50,97,.515,8,20,.400,42,77,.545,.557,21,26,.808,5,16,21,11,7,2,9,17,129,brookdi01
29,Bruce Brown,PG,24,BRK,12,5,277,40,79,.506,2,11,.182,38,68,.559,.519,13,16,.813,23,38,61,25,8,5,11,31,95,brownbr01
30,Jalen Brunson,PG,24,DAL,7,0,114,20,44,.455,6,13,.462,14,31,.452,.523,10,13,.769,6,12,18,10,0,0,4,6,56,brunsja01
31,Elijah Bryant,SG,25,MIL,11,0,50,7,20,.350,0,8,.000,7,12,.583,.350,0,0,,2,10,12,4,2,1,2,1,14,bryanel01
32,Reggie Bullock,SF,29,NYK,5,5,162,15,39,.385,10,29,.345,5,10,.500,.513,4,5,.800,5,12,17,6,3,1,4,11,44,bullore01
33,Trey Burke,PG,28,DAL,2,0,17,0,7,.000,0,3,.000,0,4,.000,.000,1,2,.500,1,0,1,1,0,0,0,1,1,burketr01
34,Alec Burks,SG,29,NYK,5,0,128,24,56,.429,8,24,.333,16,32,.500,.500,14,19,.737,5,20,25,13,1,0,4,11,70,burksal01
35,Jimmy Butler,SF,31,MIA,4,4,154,19,64,.297,4,15,.267,15,49,.306,.328,16,22,.727,6,24,30,28,5,1,9,6,58,butleji01
36,Kentavious Caldwell-Pope,SG,27,LAL,5,5,146,11,29,.379,4,19,.211,7,10,.700,.448,5,5,1.000,2,12,14,5,5,0,2,15,31,caldwke01
37,Facundo Campazzo,PG,29,DEN,10,9,270,29,74,.392,19,48,.396,10,26,.385,.520,16,19,.842,7,23,30,41,14,4,15,35,93,campafa01
38,Vlatko Čančar,PF,23,DEN,5,0,21,3,3,1.000,1,1,1.000,2,2,1.000,1.167,4,5,.800,0,3,3,1,1,1,1,0,11,cancavl01
39,Clint Capela,C,26,ATL,18,18,569,82,136,.603,0,0,,82,136,.603,.603,17,39,.436,61,140,201,17,12,19,18,46,181,capelca01
40,Jevon Carter,PG,25,PHO,7,0,22,3,8,.375,0,2,.000,3,6,.500,.375,0,2,.000,0,2,2,4,0,0,0,0,6,carteje01
41,Alex Caruso,PG,26,LAL,6,0,121,14,38,.368,5,17,.294,9,21,.429,.434,2,2,1.000,2,6,8,3,1,4,7,12,35,carusal01
42,Willie Cauley-Stein,C,27,DAL,6,0,63,6,9,.667,0,0,,6,9,.667,.667,3,3,1.000,3,13,16,3,2,4,3,8,15,caulewi01
43,Chris Chiozza,PG,25,BRK,6,0,19,2,7,.286,1,3,.333,1,4,.250,.357,0,0,,0,1,1,1,1,0,1,2,5,chiozch01
44,Brandon Clarke,PF,24,MEM,2,0,9,1,2,.500,0,0,,1,2,.500,.500,0,0,,0,1,1,0,0,1,0,0,2,clarkbr01
45,Jordan Clarkson,SG,28,UTA,11,0,298,67,165,.406,34,97,.351,33,68,.485,.509,25,26,.962,6,28,34,17,7,3,23,15,193,clarkjo01
46,Nic Claxton,C,21,BRK,12,0,130,14,29,.483,0,0,,14,29,.483,.483,2,3,.667,14,19,33,7,4,12,4,20,30,claxtni01
47,Amir Coffey,SG,23,LAC,10,0,16,3,4,.750,1,1,1.000,2,3,.667,.875,0,1,.000,0,2,2,1,1,0,1,0,7,coffeam01
48,John Collins,PF,23,ATL,18,18,576,100,182,.549,20,56,.357,80,126,.635,.604,30,36,.833,36,121,157,16,8,11,23,59,250,collijo01
49,Mike Conley,PG,33,UTA,6,6,176,29,68,.426,18,37,.486,11,31,.355,.559,16,16,1.000,3,18,21,46,1,3,14,15,92,conlemi01
50,Pat Connaughton,SG,28,MIL,23,1,546,55,119,.462,37,95,.389,18,24,.750,.618,11,13,.846,29,72,101,20,10,6,12,38,158,connapa01
51,DeMarcus Cousins,C,30,LAC,7,0,58,19,42,.452,4,10,.400,15,32,.469,.500,11,14,.786,6,8,14,5,2,3,5,13,53,couside01
52,Robert Covington,PF,30,POR,6,6,228,18,36,.500,11,22,.500,7,14,.500,.653,9,10,.900,9,38,47,7,9,6,8,20,56,covinro01
53,Torrey Craig,SF,30,PHO,22,0,266,32,75,.427,15,37,.405,17,38,.447,.527,8,13,.615,19,44,63,9,1,8,10,33,87,craigto01
54,Jae Crowder,PF,30,PHO,22,22,729,76,184,.413,54,142,.380,22,42,.524,.560,31,35,.886,10,124,134,41,19,18,19,67,237,crowdja01
55,Seth Curry,SG,30,PHI,12,12,381,85,147,.578,41,81,.506,44,66,.667,.718,15,19,.789,4,24,28,28,9,3,10,33,226,curryse01
56,Anthony Davis,PF,27,LAL,5,5,144,25,62,.403,2,11,.182,23,51,.451,.419,35,42,.833,7,26,33,13,3,8,6,9,87,davisan02
57,Dewayne Dedmon,C,31,MIA,4,0,57,10,18,.556,1,3,.333,9,15,.600,.583,4,5,.800,8,10,18,3,0,2,6,10,25,dedmode01
58,Mamadi Diakite,PF,24,MIL,7,0,35,2,10,.200,1,2,.500,1,8,.125,.250,2,2,1.000,1,6,7,0,3,1,1,7,7,diakima01
59,Donte DiVincenzo,SG,24,MIL,3,3,70,3,16,.188,2,12,.167,1,4,.250,.250,0,0,,2,17,19,8,3,1,6,4,8,divindo01
60,Luka Dončić,PG,21,DAL,7,7,281,96,196,.490,31,76,.408,65,120,.542,.569,27,51,.529,4,51,55,72,9,3,32,17,250,doncilu01
61,Goran Dragić,PG,34,MIA,4,2,117,23,54,.426,9,26,.346,14,28,.500,.509,9,12,.750,1,6,7,11,4,2,6,11,64,dragigo01
62,Andre Drummond,C,27,LAL,5,5,105,19,32,.594,0,0,,19,32,.594,.594,7,10,.700,19,36,55,0,4,3,11,12,45,drumman01
63,Jared Dudley,PF,35,LAL,2,0,5,0,0,,0,0,,0,0,,,0,0,,0,0,0,0,0,0,0,0,0,dudleja01
64,Kris Dunn,PG,26,ATL,5,0,33,1,5,.200,0,1,.000,1,4,.250,.200,4,4,1.000,0,5,5,5,2,2,4,5,6,dunnkr01
65,Kevin Durant,PF,32,BRK,12,12,485,145,282,.514,33,82,.402,112,200,.560,.573,88,101,.871,5,106,111,53,18,19,42,31,411,duranke01
66,Carsen Edwards,SG,22,BOS,2,0,5,2,3,.667,1,2,.500,1,1,1.000,.833,0,0,,0,1,1,0,0,0,0,0,5,edwarca01
67,CJ Elleby,SF,20,POR,2,0,8,0,1,.000,0,0,,0,1,.000,.000,0,0,,1,2,3,1,0,0,1,0,0,ellebcj01
68,Joel Embiid,C,26,PHI,11,11,357,101,197,.513,16,41,.390,85,156,.545,.553,91,109,.835,16,100,116,37,11,16,42,33,309,embiijo01
69,Tacko Fall,C,25,BOS,1,0,1,0,0,,0,0,,0,0,,,0,0,,0,1,1,0,0,0,0,0,0,fallta01
70,Derrick Favors,C,29,UTA,11,0,145,16,23,.696,0,0,,16,23,.696,.696,5,9,.556,19,27,46,3,2,10,6,25,37,favorde01
71,Bruno Fernando,C,22,ATL,6,0,12,2,3,.667,0,0,,2,3,.667,.667,2,2,1.000,1,0,1,0,0,0,0,0,6,fernabr01
72,Yogi Ferrell,PG,27,LAC,9,0,15,2,5,.400,0,1,.000,2,4,.500,.400,0,0,,0,3,3,3,0,0,0,0,4,ferreyo01
73,Dorian Finney-Smith,PF,27,DAL,7,7,271,26,64,.406,16,37,.432,10,27,.370,.531,4,5,.800,17,29,46,15,8,2,12,23,72,finnedo01
74,Bryn Forbes,SG,27,MIL,20,0,273,46,112,.411,33,89,.371,13,23,.565,.558,6,8,.750,2,26,28,6,2,2,7,16,131,forbebr01
75,Trent Forrest,PG,22,UTA,4,0,10,2,4,.500,0,0,,2,4,.500,.500,0,0,,0,0,0,0,0,0,0,0,4,forretr01
76,Evan Fournier,SG,28,BOS,5,5,167,27,63,.429,13,30,.433,14,33,.424,.532,10,12,.833,5,13,18,7,6,0,5,20,77,fournev01
77,Enes Freedom,C,28,POR,5,0,56,4,8,.500,0,0,,4,8,.500,.500,2,2,1.000,6,7,13,0,0,2,3,9,10,kanteen01
78,Daniel Gafford,C,22,WAS,5,2,117,22,26,.846,0,0,,22,26,.846,.846,15,24,.625,14,15,29,3,5,10,3,17,59,gaffoda01
79,Danilo Gallinari,PF,32,ATL,18,0,442,74,174,.425,34,84,.405,40,90,.444,.523,49,52,.942,8,62,70,14,6,3,15,46,231,gallida01
80,Langston Galloway,SG,29,PHO,2,0,15,1,7,.143,0,2,.000,1,5,.200,.143,0,1,.000,0,2,2,1,0,1,0,1,2,gallola01
81,Marc Gasol,C,36,LAL,5,1,87,8,13,.615,7,11,.636,1,2,.500,.885,3,4,.750,4,15,19,15,4,4,4,16,26,gasolma01
82,Paul George,SF,30,LAC,19,19,776,165,374,.441,51,152,.336,114,222,.514,.509,130,154,.844,17,166,183,102,19,10,67,59,511,georgpa01
83,Taj Gibson,C,35,NYK,5,3,138,12,20,.600,0,0,,12,20,.600,.600,1,1,1.000,16,19,35,4,8,5,3,13,25,gibsota01
84,Harry Giles,C,22,POR,1,0,4,0,1,.000,0,0,,0,1,.000,.000,0,0,,2,1,3,0,0,0,3,0,0,gilesha01
85,Anthony Gill,PF,28,WAS,4,0,33,0,3,.000,0,1,.000,0,2,.000,.000,0,0,,1,3,4,0,0,0,3,7,0,gillan01
86,Rudy Gobert,C,28,UTA,11,11,376,60,81,.741,0,1,.000,60,80,.750,.741,42,66,.636,43,92,135,9,6,23,17,46,162,goberru01
87,Aaron Gordon,PF,25,DEN,10,10,299,43,99,.434,9,23,.391,34,76,.447,.480,16,25,.640,21,33,54,20,5,3,14,23,111,gordoaa01
88,Danny Green,SF,33,PHI,8,8,199,21,48,.438,14,37,.378,7,11,.636,.583,0,0,,9,12,21,21,9,8,5,13,56,greenda02
89,JaMychal Green,PF,30,DEN,10,0,190,20,45,.444,6,20,.300,14,25,.560,.511,8,9,.889,17,35,52,11,2,2,3,12,54,greenja01
90,Jeff Green,PF,34,BRK,6,1,148,16,33,.485,10,18,.556,6,15,.400,.636,7,8,.875,4,13,17,10,3,2,3,14,49,greenje02
91,Josh Green,SG,20,DAL,1,0,4,0,0,,0,0,,0,0,,,0,0,,0,0,0,0,0,0,0,0,0,greenjo02
92,Blake Griffin,PF,31,BRK,12,12,318,42,79,.532,14,36,.389,28,43,.651,.620,10,14,.714,15,56,71,21,10,6,5,40,108,griffbl01
93,Rui Hachimura,PF,22,WAS,5,5,173,29,47,.617,9,15,.600,20,32,.625,.713,7,12,.583,5,31,36,5,2,1,5,18,74,hachiru01
94,Tim Hardaway Jr.,SG,28,DAL,7,7,262,42,101,.416,23,57,.404,19,44,.432,.530,12,16,.750,5,18,23,10,3,0,6,17,119,hardati02
95,James Harden,PG,31,BRK,9,9,322,51,108,.472,24,66,.364,27,42,.643,.583,56,62,.903,7,50,57,77,15,6,26,23,182,hardeja01
96,Montrezl Harrell,C,27,LAL,4,0,39,8,14,.571,0,0,,8,14,.571,.571,7,9,.778,5,5,10,0,2,0,2,3,23,harremo01
97,Joe Harris,SF,29,BRK,12,12,434,49,123,.398,33,82,.402,16,41,.390,.533,3,4,.750,5,38,43,19,4,2,9,34,134,harrijo01
98,Tobias Harris,PF,28,PHI,12,12,438,105,215,.488,16,43,.372,89,172,.517,.526,35,40,.875,10,92,102,42,12,5,18,29,261,harrito02
99,Shaquille Harrison,SG,27,DEN,9,0,40,3,4,.750,1,1,1.000,2,3,.667,.875,2,3,.667,0,8,8,3,3,3,5,3,9,harrish01
100,Tyler Herro,SG,21,MIA,4,0,93,12,38,.316,6,19,.316,6,19,.316,.395,7,7,1.000,1,12,13,7,1,1,3,2,37,herroty01
101,George Hill,PG,34,PHI,12,0,205,19,43,.442,8,19,.421,11,24,.458,.535,10,13,.769,5,11,16,18,8,3,10,18,56,hillge01
102,Solomon Hill,PF,29,ATL,14,3,145,6,24,.250,3,18,.167,3,6,.500,.313,2,4,.500,3,16,19,3,2,1,1,18,17,hillso01
103,Jrue Holiday,PG,30,MIL,23,23,912,158,389,.406,43,142,.303,115,247,.466,.461,40,56,.714,32,100,132,199,38,10,56,48,399,holidjr01
104,Rondae Hollis-Jefferson,PF,26,POR,5,0,36,4,5,.800,0,0,,4,5,.800,.800,2,3,.667,3,5,8,0,1,1,0,5,10,holliro01
105,Talen Horton-Tucker,SG,20,LAL,4,0,48,11,24,.458,1,5,.200,10,19,.526,.479,3,5,.600,2,12,14,2,1,0,3,3,26,hortota01
106,Dwight Howard,C,35,PHI,12,0,149,16,30,.533,0,1,.000,16,29,.552,.533,24,40,.600,26,49,75,8,2,6,12,31,56,howardw01
107,Markus Howard,SG,21,DEN,9,0,112,15,37,.405,11,26,.423,4,11,.364,.554,1,2,.500,1,6,7,4,0,1,0,10,42,howarma02
108,Kevin Huerter,SG,22,ATL,18,10,558,77,180,.428,33,95,.347,44,85,.518,.519,12,17,.706,11,58,69,51,14,16,19,49,199,huertke01
109,De'Andre Hunter,SF,23,ATL,5,5,152,18,45,.400,6,16,.375,12,29,.414,.467,12,16,.750,2,18,20,3,1,3,7,11,54,huntede01
110,Chandler Hutchison,SF,24,WAS,2,0,18,2,5,.400,0,0,,2,5,.400,.400,2,2,1.000,0,3,3,1,0,0,1,1,6,hutchch01
111,Serge Ibaka,C,31,LAC,2,0,18,3,6,.500,0,2,.000,3,4,.750,.500,4,4,1.000,1,3,4,2,1,3,1,1,10,ibakase01
112,Andre Iguodala,SF,37,MIA,4,0,71,6,11,.545,3,7,.429,3,4,.750,.682,0,0,,3,9,12,5,4,2,5,8,15,iguodan01
113,Ersan İlyasova,PF,33,UTA,1,0,3,1,2,.500,0,1,.000,1,1,1.000,.500,2,2,1.000,0,0,0,0,0,0,0,0,4,ilyaser01
114,Joe Ingles,SF,33,UTA,11,6,306,39,79,.494,24,58,.414,15,21,.714,.646,10,13,.769,1,33,34,38,7,0,9,19,112,inglejo01
115,Kyrie Irving,PG,28,BRK,9,9,325,77,163,.472,24,65,.369,53,98,.541,.546,26,28,.929,12,40,52,31,9,5,11,19,204,irvinky01
116,Jaren Jackson Jr.,C,21,MEM,5,5,137,23,54,.426,8,28,.286,15,26,.577,.500,14,16,.875,9,19,28,5,5,6,4,21,68,jacksja02
117,Justin Jackson,SF,25,MIL,5,0,15,3,5,.600,0,2,.000,3,3,1.000,.600,0,0,,1,1,2,1,1,0,1,0,6,jacksju01
118,Reggie Jackson,SG,30,LAC,19,17,622,122,252,.484,58,142,.408,64,110,.582,.599,36,41,.878,7,53,60,65,18,3,28,49,338,jacksre01
119,LeBron James,PG,36,LAL,6,6,224,54,114,.474,18,48,.375,36,66,.545,.553,14,23,.609,7,36,43,48,9,2,25,7,140,jamesle01
120,Mike James,PG,30,BRK,9,0,103,14,43,.326,5,16,.313,9,27,.333,.384,0,0,,2,14,16,12,2,0,3,6,33,jamesmi02
121,Isaiah Joe,SG,21,PHI,4,0,9,1,3,.333,0,2,.000,1,1,1.000,.333,0,0,,0,0,0,1,0,0,0,2,2,joeis01
122,Alize Johnson,PF,24,BRK,5,0,23,4,7,.571,0,0,,4,7,.571,.571,0,0,,3,10,13,0,3,0,3,1,8,johnsal02
123,Cameron Johnson,PF,24,PHO,21,0,443,55,110,.500,33,74,.446,22,36,.611,.650,29,32,.906,16,50,66,16,19,4,15,28,172,johnsca02
124,Tyler Johnson,SG,28,BRK,8,0,69,6,17,.353,3,11,.273,3,6,.500,.441,2,2,1.000,2,4,6,5,2,0,1,9,17,johnsty01
125,Nikola Jokić,C,25,DEN,10,10,345,116,228,.509,20,53,.377,96,175,.549,.553,46,55,.836,37,79,116,50,6,9,24,23,298,jokicni01
126,Derrick Jones Jr.,SF,23,POR,2,0,10,2,5,.400,0,2,.000,2,3,.667,.400,0,0,,0,0,0,0,1,0,0,2,4,jonesde02
127,Tyus Jones,PG,24,MEM,5,0,47,6,17,.353,1,4,.250,5,13,.385,.382,2,2,1.000,1,6,7,6,1,0,0,1,15,jonesty01
128,Frank Kaminsky,C,27,PHO,10,0,68,10,22,.455,1,5,.200,9,17,.529,.477,1,1,1.000,2,12,14,14,2,3,4,9,22,kaminfr01
129,Luke Kennard,SG,24,LAC,15,0,219,31,65,.477,21,51,.412,10,14,.714,.638,1,2,.500,5,9,14,7,2,0,3,15,84,kennalu01
130,Maxi Kleber,PF,29,DAL,7,4,187,12,30,.400,8,20,.400,4,10,.400,.533,5,7,.714,5,20,25,10,3,0,1,19,37,klebima01
131,Nathan Knight,PF,23,ATL,6,0,14,2,7,.286,0,2,.000,2,5,.400,.286,0,2,.000,0,6,6,0,0,2,0,2,4,knighna01
132,Kevin Knox,SF,21,NYK,1,0,4,0,0,,0,0,,0,0,,,2,2,1.000,0,1,1,1,0,1,0,0,2,knoxke01
133,John Konchar,SG,24,MEM,1,0,3,0,1,.000,0,1,.000,0,0,,.000,0,0,,0,1,1,0,0,1,0,0,0,konchjo01
134,Furkan Korkmaz,SG,23,PHI,12,4,195,30,73,.411,14,44,.318,16,29,.552,.507,10,14,.714,4,20,24,7,7,3,5,9,84,korkmfu01
135,Luke Kornet,C,25,BOS,2,0,5,1,1,1.000,0,0,,1,1,1.000,1.000,1,2,.500,0,3,3,0,0,0,0,0,3,kornelu01
136,Kyle Kuzma,SF,25,LAL,6,0,129,14,48,.292,4,23,.174,10,25,.400,.333,6,9,.667,4,19,23,7,2,1,6,8,38,kuzmaky01
137,Romeo Langford,SG,21,BOS,4,2,109,13,32,.406,6,17,.353,7,15,.467,.500,4,4,1.000,5,5,10,5,3,2,1,2,36,langfro01
138,T.J. Leaf,PF,23,POR,3,0,7,3,4,.750,0,0,,3,4,.750,.750,0,0,,2,1,3,0,0,0,0,0,6,leaftj01
139,Alex Len,C,27,WAS,5,3,42,8,14,.571,0,0,,8,14,.571,.571,4,7,.571,4,7,11,2,1,0,1,8,20,lenal01
140,Kawhi Leonard,SF,29,LAC,11,11,432,122,213,.573,24,61,.393,98,152,.645,.629,66,75,.880,22,63,85,48,23,9,24,29,334,leonaka01
141,Damian Lillard,PG,30,POR,6,6,248,62,134,.463,35,78,.449,27,56,.482,.593,47,50,.940,1,25,26,61,6,4,13,9,206,lillada01
142,Nassir Little,PF,20,POR,3,0,9,1,4,.250,1,4,.250,0,0,,.375,2,4,.500,0,1,1,0,0,1,1,0,5,littlna01
143,Brook Lopez,C,32,MIL,23,23,667,119,217,.548,23,72,.319,96,145,.662,.601,37,43,.860,48,87,135,6,17,34,25,48,298,lopezbr01
144,Robin Lopez,C,32,WAS,5,0,73,18,25,.720,0,0,,18,25,.720,.720,1,4,.250,4,5,9,0,0,4,1,7,37,lopezro01
145,Timothé Luwawu-Cabarrot,SF,25,BRK,7,0,25,3,10,.300,2,6,.333,1,4,.250,.400,0,0,,0,3,3,2,0,0,1,1,8,luwawti01
146,Terance Mann,SG,24,LAC,19,6,378,54,104,.519,16,37,.432,38,67,.567,.596,20,28,.714,17,35,52,14,10,5,4,41,144,mannte01
147,Boban Marjanović,C,32,DAL,4,3,83,20,39,.513,0,0,,20,39,.513,.513,7,9,.778,14,18,32,4,0,1,4,13,47,marjabo01
148,Garrison Mathews,SG,24,WAS,3,0,17,0,4,.000,0,4,.000,0,0,,.000,4,5,.800,0,2,2,0,0,0,0,4,4,mathega01
149,Wesley Matthews,SG,34,LAL,6,1,110,10,33,.303,7,25,.280,3,8,.375,.409,6,6,1.000,5,5,10,2,2,0,0,13,33,matthwe02
150,Tyrese Maxey,SG,20,PHI,12,0,156,29,66,.439,4,12,.333,25,54,.463,.470,14,22,.636,1,21,22,16,3,6,5,16,76,maxeyty01
151,Skylar Mays,SG,23,ATL,7,0,17,4,5,.800,0,0,,4,5,.800,.800,0,0,,0,2,2,1,2,0,1,1,8,mayssk01
152,CJ McCollum,SG,29,POR,6,6,240,50,114,.439,14,42,.333,36,72,.500,.500,10,13,.769,6,30,36,26,2,4,12,25,124,mccolcj01
153,JaVale McGee,C,33,DEN,4,0,34,3,10,.300,0,2,.000,3,8,.375,.300,2,6,.333,3,9,12,3,1,5,1,4,8,mcgeeja01
154,Alfonzo McKinnie,SF,28,LAL,2,0,12,0,3,.000,0,2,.000,0,1,.000,.000,0,0,,0,1,1,0,0,0,0,1,0,mckinal01
155,Ben McLemore,SG,27,LAL,4,0,36,2,9,.222,2,6,.333,0,3,.000,.333,0,0,,1,6,7,1,1,0,1,5,6,mclembe01
156,Nicolò Melli,PF,30,DAL,3,0,19,0,4,.000,0,2,.000,0,2,.000,.000,0,0,,2,4,6,0,1,0,0,3,0,mellini01
157,De'Anthony Melton,PG,22,MEM,5,0,83,11,31,.355,6,20,.300,5,11,.455,.452,3,5,.600,4,12,16,5,1,4,3,7,31,meltode01
158,Sam Merrill,SG,24,MIL,8,0,30,2,7,.286,1,5,.200,1,2,.500,.357,0,0,,1,4,5,1,4,0,1,2,5,merrisa01
159,Khris Middleton,SF,29,MIL,23,23,922,198,452,.438,60,175,.343,138,277,.498,.504,86,97,.887,25,149,174,118,35,4,74,58,542,middlkh01
160,Paul Millsap,PF,35,DEN,9,0,109,22,50,.440,6,23,.261,16,27,.593,.500,8,13,.615,9,26,35,15,3,6,8,14,58,millspa01
161,Shake Milton,SG,24,PHI,12,0,121,15,47,.319,8,19,.421,7,28,.250,.404,14,15,.933,0,9,9,9,3,1,11,18,52,miltosh01
162,Donovan Mitchell,PG,24,UTA,10,10,346,105,235,.447,50,115,.435,55,120,.458,.553,63,76,.829,3,39,42,55,11,2,28,20,323,mitchdo01
163,E'Twaun Moore,SG,31,PHO,7,0,46,8,18,.444,1,5,.200,7,13,.538,.472,0,0,,0,10,10,9,1,0,3,3,17,mooreet01
164,Ja Morant,PG,21,MEM,5,5,203,55,113,.487,10,31,.323,45,82,.549,.531,31,40,.775,7,17,24,41,2,0,17,9,151,moranja01
165,Juwan Morgan,PF,23,UTA,2,0,6,0,0,,0,0,,0,0,,,0,0,,1,1,2,1,0,0,0,1,0,morgaju01
166,Marcus Morris,PF,31,LAC,19,18,604,86,200,.430,36,96,.375,50,104,.481,.520,24,32,.750,13,68,81,28,10,10,7,49,232,morrima03
167,Markieff Morris,PF,31,LAL,4,1,38,2,9,.222,1,4,.250,1,5,.200,.278,4,6,.667,4,0,4,3,0,1,2,6,9,morrima02
168,Monte Morris,PG,25,DEN,10,1,286,50,116,.431,16,40,.400,34,76,.447,.500,21,29,.724,7,17,24,55,10,2,7,12,137,morrimo01
169,Abdel Nader,SF,27,PHO,5,0,29,2,6,.333,0,2,.000,2,4,.500,.333,0,0,,0,5,5,0,0,0,0,3,4,naderab01
170,Aaron Nesmith,SF,21,BOS,5,0,75,5,18,.278,4,14,.286,1,4,.250,.389,2,2,1.000,2,11,13,1,1,1,2,7,16,nesmiaa01
171,Raul Neto,PG,28,WAS,5,3,112,12,34,.353,4,15,.267,8,19,.421,.412,4,5,.800,3,8,11,5,2,0,1,11,32,netora01
172,Georges Niang,PF,27,UTA,11,0,129,11,39,.282,9,30,.300,2,9,.222,.397,4,4,1.000,2,17,19,8,0,1,8,19,35,niangge01
173,Zeke Nnaji,PF,20,DEN,5,0,18,4,8,.500,3,7,.429,1,1,1.000,.688,1,2,.500,1,1,2,2,1,0,0,1,12,nnajize01
174,Nerlens Noel,C,26,NYK,5,2,92,5,10,.500,0,0,,5,10,.500,.500,13,16,.813,10,10,20,1,4,3,4,15,23,noelne01
175,Frank Ntilikina,PG,22,NYK,3,0,4,0,1,.000,0,1,.000,0,0,,.000,0,0,,0,0,0,0,0,0,0,0,0,ntilila01
176,Kendrick Nunn,PG,25,MIA,4,2,93,17,43,.395,5,18,.278,12,25,.480,.453,2,2,1.000,0,6,6,6,2,0,3,4,41,nunnke01
177,Jusuf Nurkić,C,26,POR,6,6,173,30,55,.545,1,5,.200,29,50,.580,.555,18,25,.720,18,44,62,16,3,7,14,30,79,nurkiju01
178,Jordan Nwora,SF,22,MIL,5,0,31,4,18,.222,2,8,.250,2,10,.200,.278,5,7,.714,5,4,9,1,0,1,1,1,15,nworajo01
179,Royce O'Neale,SF,27,UTA,11,11,404,43,85,.506,28,60,.467,15,25,.600,.671,10,12,.833,16,64,80,23,12,3,8,41,124,onealro01
180,Semi Ojeleye,PF,26,BOS,2,0,12,0,4,.000,0,3,.000,0,1,.000,.000,1,2,.500,0,0,0,0,1,1,0,0,1,ojelese01
181,Onyeka Okongwu,C,20,ATL,18,0,166,17,31,.548,0,1,.000,17,30,.567,.548,14,21,.667,21,27,48,2,5,13,4,28,48,okongon01
182,KZ Okpala,PF,21,MIA,2,0,6,0,1,.000,0,1,.000,0,0,,.000,0,0,,0,0,0,0,0,0,0,0,0,okpalkz01
183,Miye Oni,SG,23,UTA,8,0,41,0,5,.000,0,5,.000,0,0,,.000,0,0,,3,0,3,0,1,0,0,8,0,onimi01
184,Daniel Oturu,C,21,LAC,8,0,15,2,5,.400,0,1,.000,2,4,.500,.400,1,2,.500,2,2,4,0,0,1,0,2,5,oturuda01
185,Jabari Parker,PF,25,BOS,4,0,59,13,21,.619,2,5,.400,11,16,.688,.667,6,8,.750,2,13,15,2,0,3,6,7,34,parkeja01
186,Chris Paul,PG,35,PHO,20,20,683,149,300,.497,29,65,.446,120,235,.511,.545,57,65,.877,9,61,70,171,23,3,43,48,384,paulch01
187,Cameron Payne,PG,26,PHO,22,2,418,82,193,.425,25,69,.362,57,124,.460,.490,16,18,.889,6,49,55,70,17,11,24,39,205,payneca01
188,Elfrid Payton,PG,26,NYK,2,2,13,0,5,.000,0,0,,0,5,.000,.000,1,2,.500,0,0,0,1,1,0,0,1,1,paytoel01
189,Reggie Perry,PF,20,BRK,5,0,22,7,13,.538,2,5,.400,5,8,.625,.615,0,0,,4,2,6,1,1,0,3,4,16,perryre01
190,Michael Porter Jr.,SF,22,DEN,10,10,332,64,135,.474,29,73,.397,35,62,.565,.581,17,21,.810,12,50,62,13,11,3,16,31,174,portemi01
191,Bobby Portis,C,25,MIL,20,2,366,70,151,.464,18,52,.346,52,99,.525,.523,18,25,.720,33,67,100,12,14,7,9,31,176,portibo01
192,Kristaps Porziņģis,C,25,DAL,7,7,233,34,72,.472,8,27,.296,26,45,.578,.528,16,19,.842,7,31,38,9,9,5,3,19,92,porzikr01
193,Dwight Powell,C,29,DAL,7,0,52,7,8,.875,0,0,,7,8,.875,.875,5,6,.833,5,8,13,6,2,0,1,8,19,poweldw01
194,Norman Powell,SF,27,POR,6,6,216,38,76,.500,10,26,.385,28,50,.560,.566,16,18,.889,3,10,13,12,5,6,7,17,102,powelno01
195,Payton Pritchard,SG,23,BOS,5,0,67,6,17,.353,3,10,.300,3,7,.429,.441,2,2,1.000,2,7,9,12,2,0,3,4,17,pritcpa01
196,Immanuel Quickley,PG,21,NYK,5,0,77,10,33,.303,4,11,.364,6,22,.273,.364,5,7,.714,0,7,7,5,3,0,6,8,29,quickim01
197,Julius Randle,PF,26,NYK,5,5,180,28,94,.298,11,33,.333,17,61,.279,.356,23,27,.852,11,47,58,20,3,0,23,18,90,randlju01
198,Cam Reddish,SF,21,ATL,4,0,92,19,36,.528,9,14,.643,10,22,.455,.653,4,5,.800,1,13,14,7,6,2,5,11,51,reddica01
199,Paul Reed,PF,21,PHI,3,0,11,2,4,.500,0,0,,2,4,.500,.500,0,0,,3,5,8,0,0,1,0,1,4,reedpa01
200,Josh Richardson,SG,27,DAL,7,0,94,11,28,.393,3,10,.300,8,18,.444,.446,9,9,1.000,3,8,11,5,2,0,6,8,34,richajo01
201,Austin Rivers,SG,28,DEN,10,9,305,30,69,.435,19,46,.413,11,23,.478,.572,13,16,.813,1,16,17,21,2,3,9,32,92,riverau01
202,Duncan Robinson,SF,26,MIA,4,4,100,11,29,.379,10,27,.370,1,2,.500,.552,9,10,.900,0,11,11,3,3,0,4,13,41,robindu01
203,Rajon Rondo,PG,34,LAC,13,0,220,18,53,.340,11,28,.393,7,25,.280,.443,8,12,.667,4,30,34,50,5,3,14,18,55,rondora01
204,Derrick Rose,PG,32,NYK,5,3,175,40,84,.476,8,17,.471,32,67,.478,.524,9,9,1.000,4,16,20,25,2,1,8,5,97,rosede01
205,Dario Šarić,C,26,PHO,14,0,147,21,45,.467,8,18,.444,13,27,.481,.556,13,14,.929,9,26,35,14,2,1,6,21,63,saricda01
206,Dennis Schröder,SG,27,LAL,6,6,196,28,70,.400,8,26,.308,20,44,.455,.457,22,26,.846,1,17,18,17,6,1,10,13,86,schrode01
207,Mike Scott,PF,32,PHI,5,0,34,2,9,.222,2,7,.286,0,2,.000,.333,0,0,,1,2,3,3,1,1,0,3,6,scottmi01
208,Jay Scrubb,SG,20,LAC,6,0,8,0,0,,0,0,,0,0,,,0,0,,0,1,1,0,0,0,0,0,0,scrubja01
209,Landry Shamet,SG,23,BRK,12,0,206,18,41,.439,10,26,.385,8,15,.533,.561,4,5,.800,3,18,21,7,5,1,6,19,50,shamela01
210,Ben Simmons,PG,24,PHI,12,12,402,59,95,.621,0,1,.000,59,94,.628,.621,25,73,.342,25,70,95,106,15,10,27,39,143,simmobe01
211,Anfernee Simons,SG,21,POR,6,0,107,14,25,.560,11,18,.611,3,7,.429,.780,0,0,,3,13,16,5,2,1,1,6,39,simonan01
212,Marcus Smart,PG,26,BOS,5,5,183,29,66,.439,16,43,.372,13,23,.565,.561,15,21,.714,4,18,22,30,5,1,14,14,89,smartma01
213,Ish Smith,PG,32,WAS,5,0,111,16,43,.372,2,7,.286,14,36,.389,.395,0,0,,1,15,16,14,7,2,5,11,34,smithis01
214,Jalen Smith,PF,20,PHO,6,0,18,2,4,.500,1,1,1.000,1,3,.333,.625,0,0,,2,3,5,1,0,0,1,2,5,smithja04
215,Tony Snell,SG,29,ATL,9,0,66,2,16,.125,1,11,.091,1,5,.200,.156,0,0,,0,5,5,2,2,1,4,5,5,snellto01
216,Max Strus,SF,24,MIA,2,0,6,0,1,.000,0,0,,0,1,.000,.000,0,0,,0,0,0,0,0,0,0,0,0,strusma01
217,Jayson Tatum,SF,22,BOS,5,5,185,47,111,.423,14,36,.389,33,75,.440,.486,45,49,.918,3,26,29,23,6,8,13,15,153,tatumja01
218,Jeff Teague,PG,32,MIL,16,0,119,9,31,.290,5,11,.455,4,20,.200,.371,9,11,.818,2,6,8,13,3,0,6,9,32,teaguje01
219,Matt Thomas,SG,26,UTA,3,0,7,0,2,.000,0,0,,0,2,.000,.000,0,0,,0,1,1,0,0,0,0,1,0,thomama02
220,Tristan Thompson,PF,29,BOS,5,5,132,20,34,.588,0,0,,20,34,.588,.588,12,17,.706,29,20,49,5,4,6,5,12,52,thomptr01
221,Matisse Thybulle,SG,23,PHI,12,1,220,25,52,.481,11,34,.324,14,18,.778,.587,2,5,.400,4,13,17,3,16,11,2,29,63,thybuma01
222,Xavier Tillman Sr.,PF,22,MEM,3,0,18,1,5,.200,0,1,.000,1,4,.250,.200,0,0,,1,2,3,1,1,0,1,2,2,tillmxa01
223,Anthony Tolliver,PF,35,PHI,1,0,2,0,0,,0,0,,0,0,,,0,0,,0,0,0,0,0,0,0,1,0,tollian01
224,Obi Toppin,PF,22,NYK,5,0,65,12,23,.522,3,9,.333,9,14,.643,.587,5,6,.833,4,9,13,2,0,1,3,6,32,toppiob01
225,Axel Toupane,SF,28,MIL,4,0,10,2,4,.500,1,2,.500,1,2,.500,.625,0,0,,2,2,4,0,0,0,0,0,5,toupaax01
226,P.J. Tucker,PF,35,MIL,23,19,681,38,98,.388,19,59,.322,19,39,.487,.485,3,4,.750,48,63,111,25,22,3,10,77,98,tuckepj01
227,Rayjon Tucker,PG,23,PHI,1,0,2,0,0,,0,0,,0,0,,,1,2,.500,0,0,0,0,0,0,0,1,1,tuckera01
228,Jonas Valančiūnas,C,28,MEM,5,5,166,33,58,.569,2,8,.250,31,50,.620,.586,7,8,.875,20,29,49,13,3,3,10,18,75,valanjo01
229,Gabe Vincent,PG,24,MIA,3,0,14,2,3,.667,1,2,.500,1,1,1.000,.833,0,0,,0,1,1,2,0,0,1,0,5,vincega01
230,Kemba Walker,PG,30,BOS,3,3,91,13,41,.317,3,17,.176,10,24,.417,.354,9,10,.900,0,12,12,12,1,0,8,10,38,walkeke02
231,Tremont Waters,PG,23,BOS,3,0,6,1,4,.250,0,2,.000,1,2,.500,.250,2,3,.667,0,0,0,2,1,0,2,0,4,watertr01
232,Russell Westbrook,PG,32,WAS,5,5,186,28,84,.333,5,20,.250,23,64,.359,.363,34,43,.791,14,38,52,59,2,1,21,17,95,westbru01
233,Grant Williams,PF,22,BOS,5,0,57,6,12,.500,2,4,.500,4,8,.500,.583,3,3,1.000,3,7,10,4,1,4,1,7,17,willigr01
234,Lou Williams,PG,34,ATL,18,2,277,50,110,.455,13,30,.433,37,80,.463,.514,26,27,.963,2,24,26,39,12,1,22,16,139,willilo02
235,Robert Williams,C,23,BOS,3,0,46,9,14,.643,0,0,,9,14,.643,.643,1,2,.500,8,7,15,2,1,9,1,7,19,williro04
236,Justise Winslow,SF,24,MEM,1,0,3,0,0,,0,0,,0,0,,,0,0,,0,1,1,1,0,0,0,0,0,winslju01
237,Cassius Winston,PG,22,WAS,1,0,5,1,3,.333,0,1,.000,1,2,.500,.333,0,0,,1,1,2,1,0,0,2,1,2,winstca01
238,Trae Young,PG,22,ATL,16,16,603,150,359,.418,45,144,.313,105,215,.488,.481,116,134,.866,7,38,45,152,20,0,64,35,461,youngtr01
239,Ivica Zubac,C,23,LAC,17,7,301,34,57,.596,0,0,,34,57,.596,.596,39,49,.796,43,56,99,7,2,12,16,33,107,zubaciv01
